{"cameraMode":{"drawMode":0,"name":"Shaded","section":"Shading Mode"},"sceneLighting":false,"audioPlay":false,"sceneViewState":{"m_AlwaysRefresh":false,"showFog":true,"showSkybox":false,"showFlares":true,"showImageEffects":true,"showParticleSystems":true,"showVisualEffectGraphs":true,"m_FxEnabled":true},"in2DMode":false,"pivot":{"x":12.89741039276123,"y":12.534523010253907,"z":1.739959716796875},"rotation":{"x":-0.07193806022405625,"y":-0.003002137877047062,"z":0.0002381334634264931,"w":-0.997426450252533},"size":76.72919464111328,"orthographic":false}