{"cameraMode":{"drawMode":0,"name":"Shaded","section":"Shading Mode"},"sceneLighting":false,"audioPlay":false,"sceneViewState":{"m_AlwaysRefresh":false,"showFog":true,"showSkybox":false,"showFlares":true,"showImageEffects":true,"showParticleSystems":true,"showVisualEffectGraphs":true,"m_FxEnabled":true},"in2DMode":false,"pivot":{"x":-0.0020093917846679689,"y":1.6524481773376465,"z":0.08051729202270508},"rotation":{"x":-0.14022725820541383,"y":-0.06530668586492539,"z":0.009288227185606957,"w":-0.9879375100135803},"size":1.8545128107070923,"orthographic":false}