{"cameraMode":{"drawMode":0,"name":"Shaded","section":"Shading Mode"},"sceneLighting":false,"audioPlay":false,"sceneViewState":{"m_AlwaysRefresh":false,"showFog":true,"showSkybox":false,"showFlares":true,"showImageEffects":true,"showParticleSystems":true,"showVisualEffectGraphs":true,"m_FxEnabled":true},"in2DMode":false,"pivot":{"x":-0.003012537956237793,"y":2.479398012161255,"z":0.01081615686416626},"rotation":{"x":0.0330536849796772,"y":0.9611217379570007,"z":-0.2401074916124344,"w":0.13230833411216737},"size":2.896031141281128,"orthographic":false}